id,first_name,last_name,email,gender,ip_address,timestamp
1,Robbie,McFfaden,rmcffaden0@merriam-webster.com,Female,156.254.82.253,2023-01-10T12:15:53Z
2,Ringo,Salvin,rsalvin1@google.pl,Male,247.195.235.43,2023-07-11T09:14:17Z
3,Zoe,Huster,zhuster2@clickbank.net,Female,251.75.227.149,2023-01-07T02:37:12Z
4,Zacharia,Olenchenko,zolenchenko3@nifty.com,Male,66.104.1.36,2023-06-26T07:22:35Z
5,Humfried,Stores,hstores4@census.gov,Male,56.85.108.10,2023-04-24T14:05:17Z
6,Sibyl,Edgar,sedgar5@nyu.edu,Female,134.193.75.9,2023-05-12T06:27:25Z
7,Kelly,Costard,kcostard6@weibo.com,Female,85.45.24.238,2023-01-05T23:45:49Z
8,Doralynne,Payne,dpayne7@ft.com,Genderfluid,172.245.82.57,2023-03-11T07:23:50Z
9,Lian,Letham,lletham8@google.es,Non-binary,145.38.133.20,2023-06-03T03:36:29Z
10,Buddie,Dadley,bdadley9@tripadvisor.com,Male,225.222.250.15,2023-03-23T10:03:21Z
